{
  "item_means": {
    "Al Pastor Roast Chilli Pork Sandwich": 1.3770491803278688,
    "Blackened Grilled Chicken Sandwich": 3.540983606557377,
    "Blueberry Cheesecake": 0.01639344262295082,
    "Bombay Broski Minis": 0.0,
    "Brookie - The Brownie Cookie (Pack Of 3)": 0.01639344262295082,
    "Brookie - The Brownie Cookie (Single Cookie)": 0.11475409836065574,
    "Chilli Burrata Sandwich": 0.0,
    "Chocolate Hazelnut Chunkie (Pack Of 3)": 0.14754098360655737,
    "Chocolate Hazelnut Chunkie (Single Cookie)": 0.9180327868852459,
    "Chorizo Pulled Pork Sandwich": 3.3442622950819674,
    "Classic Fries": 2.180327868852459,
    "Coke": 1.6065573770491803,
    "Coke Zero": 1.8688524590163935,
    "Dark Chocolate Sea Salt Cookie (Pack Of 3)": 0.6721311475409836,
    "Dark Chocolate Sea Salt Cookie (Pack of 3)": 0.08196721311475409,
    "Dark Chocolate Sea Salt Cookie (Single Cookie)": 5.114754098360656,
    "Grilled Cheese": 0.0,
    "Grilled Cheese Minis": 0.0,
    "Grilled Chicken & Bacon Sando (Chicken Bacon Jam)": 1.5245901639344261,
    "Grilled Chicken & Bacon Sando (Pork Bacon Jam)": 3.278688524590164,
    "Grilled Chicken & Bacon Sandwich (Chicken Bacon Jam)": 5.868852459016393,
    "Grilled Chicken & Bacon Sandwich (OG Pork Bacon Jam)": 11.21311475409836,
    "Hokkaido Minis (Katsu Paneer Minis (4pc))": 0.0,
    "Katsu Chilli Chicken Sandwich": 18.9672131147541,
    "Katsu Chilli Paneer Sandwich": 10.655737704918034,
    "Katsu Paneer Minis": 0.0,
    "Korean Philly Cheese Steak": 0.26229508196721313,
    "Korean Philly Cheese Steak (tenderloin)": 2.1311475409836067,
    "Lamb Birria Sandwich": 7.590163934426229,
    "Lemon Apple Iced Tea": 0.13114754098360656,
    "Lexis Fried Chicken Burger": 3.540983606557377,
    "Local - Orange": 0.11475409836065574,
    "Local - Pomelo": 0.22950819672131148,
    "Lotus Biscoff Cheesecake": 0.4426229508196721,
    "Mini Sliders (Pesto Burrata Slider (3pc))": 0.0,
    "Mini Sliders (Truffle Shroom Slider (3pc))": 0.0,
    "Mini Sliders - Non Veg (Blackened Chicken Sliders (3pc))": 0.0,
    "Mini Sliders - Non Veg (Grilled Chicken And Bacon Sliders (3pc))": 0.0,
    "Mushroom Po Boy Sandwich": 6.131147540983607,
    "Nashville Fried Chicken Burger": 3.2950819672131146,
    "Nashville Fried Chicken Tenders": 3.19672131147541,
    "Neopop - Lemon Squeeze": 1.5573770491803278,
    "Neopop - Mango Bliss": 0.8688524590163934,
    "Nutella Cheesecake": 0.39344262295081966,
    "Oil": 2.6721311475409837,
    "Oil Tin": 0.7049180327868853,
    "Orange Soda": 1.1967213114754098,
    "Parmesan Truffle Fries": 2.6557377049180326,
    "Peach & Strawberry Iced Tea": 0.01639344262295082,
    "Peri Peri Chicken Tenders": 4.475409836065574,
    "Peri Peri Fries": 7.098360655737705,
    "Pesto Burrata Sliders": 0.0,
    "Pesto Chilli Burrata": 0.0,
    "Pesto Grilled Chicken Parmigiana": 2.19672131147541,
    "Pomelo Soda": 0.5737704918032787,
    "Prawnstar Po Boy": 0.3442622950819672,
    "Tenders - Nashville": 1.7704918032786885,
    "Tenders - Piri Piri": 2.1475409836065573,
    "The Bombay Broski Sandwich": 10.491803278688524,
    "The Brookie (Single Cookie)": 0.0,
    "Truffle Mushroom Melt Sandwich": 9.721311475409836,
    "Truffle Parm Fries": 0.0,
    "Truffle Parmesan Fries": 4.442622950819672,
    "Truffle Shroom Sliders": 0.0,
    "Veggie Avocado Smash Burger": 2.9836065573770494,
    "Zesty Paneer Sticks": 2.4918032786885247
  },
  "global_mean": 2.399652260307998,
  "n_items": 66
}